4435088,0x2973635acce9eb6c11c3f13d9ba7fe609b70a7a2c47987806ed3fd6c707028d4,0x39C23A174cF907Fe4D698BaE8CACb3Aa19D89454,0x39C23A174cF907Fe4D698BaE8CACb3Aa19D89454,0,0x646174613a2c7b2270223a226b72632d3230222c226f70223a226d696e74222c227469636b223a226b726f222c22616d74223a2231303030227d
4435089,0x00a2d7ff62798d35ba879911142ef9e917f32705f3895eff73df1391f408fb6e,0x39C23A174cF907Fe4D698BaE8CACb3Aa19D89454,0x39C23A174cF907Fe4D698BaE8CACb3Aa19D89454,0,0x646174613a2c7b2270223a226b72632d3230222c226f70223a226d696e74222c227469636b223a226b726f222c22616d74223a2231303030227d
4435090,0x8c6b504f99fa32f3e27bfb73580ae6295859b8236e909fe897c59bc6afd70368,0x39C23A174cF907Fe4D698BaE8CACb3Aa19D89454,0x39C23A174cF907Fe4D698BaE8CACb3Aa19D89454,0,0x646174613a2c7b2270223a226b72632d3230222c226f70223a226d696e74222c227469636b223a226b726f222c22616d74223a2231303030227d
4435090,0xe9d376d85dfe0ea86615089f9fddbb71d0bad4050f80cea5de5a8787348c18e9,0x39C23A174cF907Fe4D698BaE8CACb3Aa19D89454,0x39C23A174cF907Fe4D698BaE8CACb3Aa19D89454,0,0x646174613a2c7b2270223a226b72632d3230222c226f70223a226d696e74222c227469636b223a226b726f222c22616d74223a2231303030227d
4435091,0x5f17eeab082f8a04c3ecf1792ba37984c4e5896f0e7e8c12cf95e15d710a4a05,0x39C23A174cF907Fe4D698BaE8CACb3Aa19D89454,0x39C23A174cF907Fe4D698BaE8CACb3Aa19D89454,0,0x646174613a2c7b2270223a226b72632d3230222c226f70223a226d696e74222c227469636b223a226b726f222c22616d74223a2231303030227d
4435092,0x91042ff191dd0f97917411f4514b4c3aaf30c66059b0e9835ff5bcb387cb12db,0x39C23A174cF907Fe4D698BaE8CACb3Aa19D89454,0x39C23A174cF907Fe4D698BaE8CACb3Aa19D89454,0,0x646174613a2c7b2270223a226b72632d3230222c226f70223a226d696e74222c227469636b223a226b726f222c22616d74223a2231303030227d
4435093,0x1621aaac67d3777b53952878b2f4cfddc546e1da1144ae4f2c4ea074a06ede41,0x39C23A174cF907Fe4D698BaE8CACb3Aa19D89454,0x39C23A174cF907Fe4D698BaE8CACb3Aa19D89454,0,0x646174613a2c7b2270223a226b72632d3230222c226f70223a226d696e74222c227469636b223a226b726f222c22616d74223a2231303030227d
4435093,0xcbfae0a5fa8fdf85c9c5b58aa7015d1cc2d12ae1c475fb5d53323624b31f3e93,0x39C23A174cF907Fe4D698BaE8CACb3Aa19D89454,0x39C23A174cF907Fe4D698BaE8CACb3Aa19D89454,0,0x646174613a2c7b2270223a226b72632d3230222c226f70223a226d696e74222c227469636b223a226b726f222c22616d74223a2231303030227d
4435094,0xe6264ff596ee64689de8afc7e66712da84be545c881adb1613b6f281032a6004,0x39C23A174cF907Fe4D698BaE8CACb3Aa19D89454,0x39C23A174cF907Fe4D698BaE8CACb3Aa19D89454,0,0x646174613a2c7b2270223a226b72632d3230222c226f70223a226d696e74222c227469636b223a226b726f222c22616d74223a2231303030227d
4435095,0x92baf352136f0210159306f1fe7ce9ef70ed615345dd416a929c6e270597f52f,0x39C23A174cF907Fe4D698BaE8CACb3Aa19D89454,0x39C23A174cF907Fe4D698BaE8CACb3Aa19D89454,0,0x646174613a2c7b2270223a226b72632d3230222c226f70223a226d696e74222c227469636b223a226b726f222c22616d74223a2231303030227d
4560883,0xda3c163950bd9f5c9038f74c8160570a663674f061fbc105c994808df72ff5f5,0x39C23A174cF907Fe4D698BaE8CACb3Aa19D89454,0x39C23A174cF907Fe4D698BaE8CACb3Aa19D89454,0,0x646174613a2c7b2270223a226b72632d3230222c226f70223a226d696e74222c227469636b223a226b726f222c22616d74223a2231303030227d
4560884,0xa23035a3bce88c70134073e0d3d182bc5c4d150120932af9993f89910c62ff2c,0x39C23A174cF907Fe4D698BaE8CACb3Aa19D89454,0x39C23A174cF907Fe4D698BaE8CACb3Aa19D89454,0,0x646174613a2c7b2270223a226b72632d3230222c226f70223a226d696e74222c227469636b223a226b726f222c22616d74223a2231303030227d
4560885,0x44a54c7450e5fec44a63a10c7d9d16490af64edfbfde9a2ceed3cedda951117d,0x39C23A174cF907Fe4D698BaE8CACb3Aa19D89454,0x39C23A174cF907Fe4D698BaE8CACb3Aa19D89454,0,0x646174613a2c7b2270223a226b72632d3230222c226f70223a226d696e74222c227469636b223a226b726f222c22616d74223a2231303030227d
4560886,0x9fcf07f7fa466638cc8cce2e33c30270e6fa159bf9899ea0e08bd1bbcb213a44,0x39C23A174cF907Fe4D698BaE8CACb3Aa19D89454,0x39C23A174cF907Fe4D698BaE8CACb3Aa19D89454,0,0x646174613a2c7b2270223a226b72632d3230222c226f70223a226d696e74222c227469636b223a226b726f222c22616d74223a2231303030227d
4560886,0xf2a46432385026fea375aa86ce4708ba1948e87fb632bdc6a4c59683f388df36,0x39C23A174cF907Fe4D698BaE8CACb3Aa19D89454,0x39C23A174cF907Fe4D698BaE8CACb3Aa19D89454,0,0x646174613a2c7b2270223a226b72632d3230222c226f70223a226d696e74222c227469636b223a226b726f222c22616d74223a2231303030227d
4560887,0xb00739bd2b99f7fe7858e24132f53d3c8235e5dc38579fd6e8dd0d12f8331284,0x39C23A174cF907Fe4D698BaE8CACb3Aa19D89454,0x39C23A174cF907Fe4D698BaE8CACb3Aa19D89454,0,0x646174613a2c7b2270223a226b72632d3230222c226f70223a226d696e74222c227469636b223a226b726f222c22616d74223a2231303030227d
4560888,0x534b9289bd5d231a667b63d06d65930c1e40b24bb92e94a81a6215a29eccb9ed,0x39C23A174cF907Fe4D698BaE8CACb3Aa19D89454,0x39C23A174cF907Fe4D698BaE8CACb3Aa19D89454,0,0x646174613a2c7b2270223a226b72632d3230222c226f70223a226d696e74222c227469636b223a226b726f222c22616d74223a2231303030227d
4560889,0xff2bcc31706883dfdc411ba126a2ba4eb05fbfc17e2446744aa65d6420196da0,0x39C23A174cF907Fe4D698BaE8CACb3Aa19D89454,0x39C23A174cF907Fe4D698BaE8CACb3Aa19D89454,0,0x646174613a2c7b2270223a226b72632d3230222c226f70223a226d696e74222c227469636b223a226b726f222c22616d74223a2231303030227d
4560889,0x2d17f006552813459c14acbe43057867a6ac1b3fbd4618ec15796bb9fafb3fb9,0x39C23A174cF907Fe4D698BaE8CACb3Aa19D89454,0x39C23A174cF907Fe4D698BaE8CACb3Aa19D89454,0,0x646174613a2c7b2270223a226b72632d3230222c226f70223a226d696e74222c227469636b223a226b726f222c22616d74223a2231303030227d
4560890,0x5a11547347e3dd30d3d9a897bf9efa436434e640bd83c592a13e87bb3b82b245,0x39C23A174cF907Fe4D698BaE8CACb3Aa19D89454,0x39C23A174cF907Fe4D698BaE8CACb3Aa19D89454,0,0x646174613a2c7b2270223a226b72632d3230222c226f70223a226d696e74222c227469636b223a226b726f222c22616d74223a2231303030227d
4560891,0xe7c41921eb794124da53de3af171cdf1bdab219995d12987d6b474cb59fc2f86,0x39C23A174cF907Fe4D698BaE8CACb3Aa19D89454,0x39C23A174cF907Fe4D698BaE8CACb3Aa19D89454,0,0x646174613a2c7b2270223a226b72632d3230222c226f70223a226d696e74222c227469636b223a226b726f222c22616d74223a2231303030227d
4560892,0xe6b3703b9e3cd4105ae4e1034a0ced0940c2e33988ae3bd0b5a1365c72fdec39,0x39C23A174cF907Fe4D698BaE8CACb3Aa19D89454,0x39C23A174cF907Fe4D698BaE8CACb3Aa19D89454,0,0x646174613a2c7b2270223a226b72632d3230222c226f70223a226d696e74222c227469636b223a226b726f222c22616d74223a2231303030227d
4560892,0x9d893456e87ecb7cc9335434d1a53234d2e33ae4bd50c927e31abb0459f7fa9c,0x39C23A174cF907Fe4D698BaE8CACb3Aa19D89454,0x39C23A174cF907Fe4D698BaE8CACb3Aa19D89454,0,0x646174613a2c7b2270223a226b72632d3230222c226f70223a226d696e74222c227469636b223a226b726f222c22616d74223a2231303030227d
4560893,0x2f40d34482e583c9cd0e6f57c26621eaad3d4e3c9df330ac5f9d133a5d253048,0x39C23A174cF907Fe4D698BaE8CACb3Aa19D89454,0x39C23A174cF907Fe4D698BaE8CACb3Aa19D89454,0,0x646174613a2c7b2270223a226b72632d3230222c226f70223a226d696e74222c227469636b223a226b726f222c22616d74223a2231303030227d
4560894,0x086efd1a895ac30b583cfb10d21976c3c6d6f5e87c4347e0f518a67c687410de,0x39C23A174cF907Fe4D698BaE8CACb3Aa19D89454,0x39C23A174cF907Fe4D698BaE8CACb3Aa19D89454,0,0x646174613a2c7b2270223a226b72632d3230222c226f70223a226d696e74222c227469636b223a226b726f222c22616d74223a2231303030227d
4560895,0x5ba8c18b32102e201f3aa247ee1102a178faf7d3b997114e54530f460031020d,0x39C23A174cF907Fe4D698BaE8CACb3Aa19D89454,0x39C23A174cF907Fe4D698BaE8CACb3Aa19D89454,0,0x646174613a2c7b2270223a226b72632d3230222c226f70223a226d696e74222c227469636b223a226b726f222c22616d74223a2231303030227d
4560895,0xf596e7c73e7dd98de4f4da41ff8094f90bc4cc867f0acf9e42de1a9c7c2fd0f6,0x39C23A174cF907Fe4D698BaE8CACb3Aa19D89454,0x39C23A174cF907Fe4D698BaE8CACb3Aa19D89454,0,0x646174613a2c7b2270223a226b72632d3230222c226f70223a226d696e74222c227469636b223a226b726f222c22616d74223a2231303030227d
4560896,0x7ce82c8632bb574d668bdaa2598c11ca8c7451b6fa1718ee7973912ce73697a8,0x39C23A174cF907Fe4D698BaE8CACb3Aa19D89454,0x39C23A174cF907Fe4D698BaE8CACb3Aa19D89454,0,0x646174613a2c7b2270223a226b72632d3230222c226f70223a226d696e74222c227469636b223a226b726f222c22616d74223a2231303030227d
4560897,0xba3e0313ace11a9b5cf57886492ddba34a358b5b10cac5d547cde3ca537f47d0,0x39C23A174cF907Fe4D698BaE8CACb3Aa19D89454,0x39C23A174cF907Fe4D698BaE8CACb3Aa19D89454,0,0x646174613a2c7b2270223a226b72632d3230222c226f70223a226d696e74222c227469636b223a226b726f222c22616d74223a2231303030227d
4560898,0x6bc2a76d75250ab1e7452516c1f8b248b44b26045ec2617d254cf6028f1d1976,0x39C23A174cF907Fe4D698BaE8CACb3Aa19D89454,0x39C23A174cF907Fe4D698BaE8CACb3Aa19D89454,0,0x646174613a2c7b2270223a226b72632d3230222c226f70223a226d696e74222c227469636b223a226b726f222c22616d74223a2231303030227d
4560898,0x9b010ca4f896498cd210c8bd48d5372f4c2c9ac21d1197fe58a0967952098fc8,0x39C23A174cF907Fe4D698BaE8CACb3Aa19D89454,0x39C23A174cF907Fe4D698BaE8CACb3Aa19D89454,0,0x646174613a2c7b2270223a226b72632d3230222c226f70223a226d696e74222c227469636b223a226b726f222c22616d74223a2231303030227d
4560899,0x604f3a9bf50bce5c9b9d8ae6cb6cd17b2e91b2f4e781995c0f88e130236825e2,0x39C23A174cF907Fe4D698BaE8CACb3Aa19D89454,0x39C23A174cF907Fe4D698BaE8CACb3Aa19D89454,0,0x646174613a2c7b2270223a226b72632d3230222c226f70223a226d696e74222c227469636b223a226b726f222c22616d74223a2231303030227d
4560900,0x8e56abcb8574ba3f365304f9e4f805f16c55b05d62ce994f0e66c660cc2b4e8b,0x39C23A174cF907Fe4D698BaE8CACb3Aa19D89454,0x39C23A174cF907Fe4D698BaE8CACb3Aa19D89454,0,0x646174613a2c7b2270223a226b72632d3230222c226f70223a226d696e74222c227469636b223a226b726f222c22616d74223a2231303030227d
4560901,0xb6ab60a330367191e271298a5ad0150c49b4d46fef975dc4ec5b07a136d2d1a9,0x39C23A174cF907Fe4D698BaE8CACb3Aa19D89454,0x39C23A174cF907Fe4D698BaE8CACb3Aa19D89454,0,0x646174613a2c7b2270223a226b72632d3230222c226f70223a226d696e74222c227469636b223a226b726f222c22616d74223a2231303030227d
4560902,0x22d76e9e5cc9bd75b9b2ffe357ca193f0b631aafd750ac8b83bcbfad8ad066e1,0x39C23A174cF907Fe4D698BaE8CACb3Aa19D89454,0x39C23A174cF907Fe4D698BaE8CACb3Aa19D89454,0,0x646174613a2c7b2270223a226b72632d3230222c226f70223a226d696e74222c227469636b223a226b726f222c22616d74223a2231303030227d
4560902,0x2ec483499a632a7346b141ac1aba2fc10902a3de40206ccc5656c34915af0b92,0x39C23A174cF907Fe4D698BaE8CACb3Aa19D89454,0x39C23A174cF907Fe4D698BaE8CACb3Aa19D89454,0,0x646174613a2c7b2270223a226b72632d3230222c226f70223a226d696e74222c227469636b223a226b726f222c22616d74223a2231303030227d
4560903,0xf5728f6b2079f0473301b4a47d4f095e576c81f88bbaf383f201111cf8712d30,0x39C23A174cF907Fe4D698BaE8CACb3Aa19D89454,0x39C23A174cF907Fe4D698BaE8CACb3Aa19D89454,0,0x646174613a2c7b2270223a226b72632d3230222c226f70223a226d696e74222c227469636b223a226b726f222c22616d74223a2231303030227d
4560904,0x1f3c41ebfb0b880aa8e8ab983e98783429d88a5d598d40fe899440d23afe51c0,0x39C23A174cF907Fe4D698BaE8CACb3Aa19D89454,0x39C23A174cF907Fe4D698BaE8CACb3Aa19D89454,0,0x646174613a2c7b2270223a226b72632d3230222c226f70223a226d696e74222c227469636b223a226b726f222c22616d74223a2231303030227d
4560905,0xdfd3783fb3723760eeaab9918b6aba06f40262e164693b461b541f2d857e5305,0x39C23A174cF907Fe4D698BaE8CACb3Aa19D89454,0x39C23A174cF907Fe4D698BaE8CACb3Aa19D89454,0,0x646174613a2c7b2270223a226b72632d3230222c226f70223a226d696e74222c227469636b223a226b726f222c22616d74223a2231303030227d
4560905,0xf269fa59e0f6fcbde69a1204aa4d9965e9dfd82428314abe15c9c496a7e0f9ad,0x39C23A174cF907Fe4D698BaE8CACb3Aa19D89454,0x39C23A174cF907Fe4D698BaE8CACb3Aa19D89454,0,0x646174613a2c7b2270223a226b72632d3230222c226f70223a226d696e74222c227469636b223a226b726f222c22616d74223a2231303030227d
4560906,0x9f078413449a92a6673de522317421469ca34e498f6e5441f3fd074a9b027a37,0x39C23A174cF907Fe4D698BaE8CACb3Aa19D89454,0x39C23A174cF907Fe4D698BaE8CACb3Aa19D89454,0,0x646174613a2c7b2270223a226b72632d3230222c226f70223a226d696e74222c227469636b223a226b726f222c22616d74223a2231303030227d
4560907,0x03061316eb410c900a5c487ec05b39a2a394a7f4fe3ed906ad504e9160970e2d,0x39C23A174cF907Fe4D698BaE8CACb3Aa19D89454,0x39C23A174cF907Fe4D698BaE8CACb3Aa19D89454,0,0x646174613a2c7b2270223a226b72632d3230222c226f70223a226d696e74222c227469636b223a226b726f222c22616d74223a2231303030227d
4560908,0xb666621d6e7af7c224416c686b79661e8943d2eb5162e72eea9f691df56cc10b,0x39C23A174cF907Fe4D698BaE8CACb3Aa19D89454,0x39C23A174cF907Fe4D698BaE8CACb3Aa19D89454,0,0x646174613a2c7b2270223a226b72632d3230222c226f70223a226d696e74222c227469636b223a226b726f222c22616d74223a2231303030227d
4560908,0x5f745a68f494f09409e391f8923cc72f0a7691e1afc73abbf6a51352624d871d,0x39C23A174cF907Fe4D698BaE8CACb3Aa19D89454,0x39C23A174cF907Fe4D698BaE8CACb3Aa19D89454,0,0x646174613a2c7b2270223a226b72632d3230222c226f70223a226d696e74222c227469636b223a226b726f222c22616d74223a2231303030227d
4560909,0x98aeb26c7fa56929f558f800b090efa406a4cc465c641a5c7b15fb76f5ba9b8e,0x39C23A174cF907Fe4D698BaE8CACb3Aa19D89454,0x39C23A174cF907Fe4D698BaE8CACb3Aa19D89454,0,0x646174613a2c7b2270223a226b72632d3230222c226f70223a226d696e74222c227469636b223a226b726f222c22616d74223a2231303030227d
4560910,0x5dcefd38d8c67e0f895711f8c99fa96bc1776bad9cc127bae964b40a9774632c,0x39C23A174cF907Fe4D698BaE8CACb3Aa19D89454,0x39C23A174cF907Fe4D698BaE8CACb3Aa19D89454,0,0x646174613a2c7b2270223a226b72632d3230222c226f70223a226d696e74222c227469636b223a226b726f222c22616d74223a2231303030227d
4560911,0x61ad4f6816451d45a2b0839289dca096655e802fb1655eeb6e8eab0f06a28967,0x39C23A174cF907Fe4D698BaE8CACb3Aa19D89454,0x39C23A174cF907Fe4D698BaE8CACb3Aa19D89454,0,0x646174613a2c7b2270223a226b72632d3230222c226f70223a226d696e74222c227469636b223a226b726f222c22616d74223a2231303030227d
4560911,0x591798b806bf0a443b977ae0e2c290c39731b419c8013c215b33de3102278e90,0x39C23A174cF907Fe4D698BaE8CACb3Aa19D89454,0x39C23A174cF907Fe4D698BaE8CACb3Aa19D89454,0,0x646174613a2c7b2270223a226b72632d3230222c226f70223a226d696e74222c227469636b223a226b726f222c22616d74223a2231303030227d
4560912,0xded790ac73af303d064f19f87ebdfecd036943d728f466f730b6e4fcf439629e,0x39C23A174cF907Fe4D698BaE8CACb3Aa19D89454,0x39C23A174cF907Fe4D698BaE8CACb3Aa19D89454,0,0x646174613a2c7b2270223a226b72632d3230222c226f70223a226d696e74222c227469636b223a226b726f222c22616d74223a2231303030227d
4560913,0xdaccfb9f47f500210c711b0c709c13f08d65c222ce593953a3ea082c8205ec6d,0x39C23A174cF907Fe4D698BaE8CACb3Aa19D89454,0x39C23A174cF907Fe4D698BaE8CACb3Aa19D89454,0,0x646174613a2c7b2270223a226b72632d3230222c226f70223a226d696e74222c227469636b223a226b726f222c22616d74223a2231303030227d
4560914,0xe428cd6120ad74476745acd29ca0d12d75bec63b32909f7e547fdc36e67c18e7,0x39C23A174cF907Fe4D698BaE8CACb3Aa19D89454,0x39C23A174cF907Fe4D698BaE8CACb3Aa19D89454,0,0x646174613a2c7b2270223a226b72632d3230222c226f70223a226d696e74222c227469636b223a226b726f222c22616d74223a2231303030227d
4560915,0xc7dc23b69acf74ac21bf7e55326f53a9f69fcdce680f9b26a29a4e23a2590186,0x39C23A174cF907Fe4D698BaE8CACb3Aa19D89454,0x39C23A174cF907Fe4D698BaE8CACb3Aa19D89454,0,0x646174613a2c7b2270223a226b72632d3230222c226f70223a226d696e74222c227469636b223a226b726f222c22616d74223a2231303030227d
4560915,0x5f4fee7dea99c5f8cd92f518f579383e5f4d0d766e415e5a09f8a86714a07ecc,0x39C23A174cF907Fe4D698BaE8CACb3Aa19D89454,0x39C23A174cF907Fe4D698BaE8CACb3Aa19D89454,0,0x646174613a2c7b2270223a226b72632d3230222c226f70223a226d696e74222c227469636b223a226b726f222c22616d74223a2231303030227d
4560916,0x0cf8b2f6cd5a5f093b028b55c14ea85a345631e6be894696c5252a7ca76daf6e,0x39C23A174cF907Fe4D698BaE8CACb3Aa19D89454,0x39C23A174cF907Fe4D698BaE8CACb3Aa19D89454,0,0x646174613a2c7b2270223a226b72632d3230222c226f70223a226d696e74222c227469636b223a226b726f222c22616d74223a2231303030227d
4560917,0x26b877e956e3ebbf95c95e1bc208c13605dda54baaa15a5aaa278bb015857b67,0x39C23A174cF907Fe4D698BaE8CACb3Aa19D89454,0x39C23A174cF907Fe4D698BaE8CACb3Aa19D89454,0,0x646174613a2c7b2270223a226b72632d3230222c226f70223a226d696e74222c227469636b223a226b726f222c22616d74223a2231303030227d
4560918,0x0753bec69dd15229903d6041da2a6b554655ed5969f158598c6e1840377fd8d4,0x39C23A174cF907Fe4D698BaE8CACb3Aa19D89454,0x39C23A174cF907Fe4D698BaE8CACb3Aa19D89454,0,0x646174613a2c7b2270223a226b72632d3230222c226f70223a226d696e74222c227469636b223a226b726f222c22616d74223a2231303030227d
4576708,0xb50aa527bbb26c04683136d73498af71c091e845267eff6600284acef9253904,0x92D8510650173e4F341D872Edcbdc15bc50BA81E,0x92D8510650173e4F341D872Edcbdc15bc50BA81E,0,0x646174613a2c7b2270223a226b72632d3230222c226f70223a226d696e74222c227469636b223a226b726f222c22616d74223a2231303030227d
4576713,0x5f5883ba473d9a2f27c6d8def0adee74aed8e8e4aa3fcaac5127d9f35dd7d5b6,0x92D8510650173e4F341D872Edcbdc15bc50BA81E,0x92D8510650173e4F341D872Edcbdc15bc50BA81E,0,0x646174613a2c7b2270223a226b72632d3230222c226f70223a226d696e74222c227469636b223a226b726f222c22616d74223a2231303030227d
4577095,0xd9346920c2b3c1c2b5f35f2d6292bc885633c626621b425dcbac82b0faa43c76,0x92D8510650173e4F341D872Edcbdc15bc50BA81E,0x92D8510650173e4F341D872Edcbdc15bc50BA81E,0,0x646174613a2c7b2270223a226b72632d3230222c226f70223a226d696e74222c227469636b223a226b726f222c22616d74223a2231303030227d
4577618,0x5361e22c865993af289cd4c37267e29fc4955afb818016bb7d0d9a4c0bff6d65,0x92D8510650173e4F341D872Edcbdc15bc50BA81E,0x92D8510650173e4F341D872Edcbdc15bc50BA81E,0,0x646174613a2c7b2270223a226b72632d3230222c226f70223a226d696e74222c227469636b223a226b726f222c22616d74223a2231303030227d
4577653,0xde82872deb7ab201b24c4ad0b96c5e7683077afea115a00e74d5dea9d4d459dd,0x92D8510650173e4F341D872Edcbdc15bc50BA81E,0x92D8510650173e4F341D872Edcbdc15bc50BA81E,0,0x646174613a2c7b2270223a226b72632d3230222c226f70223a226d696e74222c227469636b223a226b726f222c22616d74223a2231303030227d
4577698,0xab28c932e599309585a2321562651cf073bacbcec2216d15c5b7f214ad6a0e5c,0x92D8510650173e4F341D872Edcbdc15bc50BA81E,0x92D8510650173e4F341D872Edcbdc15bc50BA81E,0,0x646174613a2c7b2270223a226b72632d3230222c226f70223a226d696e74222c227469636b223a226b726f222c22616d74223a2231303030227d
